"Day","Datetime","Name","Downloads","Comments"
22-08-13,"22-08-13 15:31","Vehicle-Remote-Central-Locking",60513,278
22-08-13,"22-08-13 15:31","Family-Friendly-Free-Roaming",45828,777
22-08-13,"22-08-13 15:31","Neutralized-Adult-Textures",708,23
22-08-13,"22-08-13 15:31","Spawn-Where-You-Died",11909,283
22-08-13,"22-08-13 15:31","Team-Up",6945,81
22-08-13,"22-08-13 15:31","Tunable-Home-Radio",4661,69
22-08-13,"22-08-13 15:31","Cautious-Drivers",3633,50
22-08-13,"22-08-13 15:31","Auto-Skip-Radio-Stations",1564,11
22-08-13,"22-08-13 15:31","Muted-Speech-And-Pain",7165,71
22-08-13,"22-08-13 15:31","Playercannotbedraggedout",1444,23
22-08-13,"22-08-13 15:43","Vehicle-Remote-Central-Locking",60513,278
22-08-13,"22-08-13 15:43","Family-Friendly-Free-Roaming",45828,777
22-08-13,"22-08-13 15:43","Neutralized-Adult-Textures",708,23
22-08-13,"22-08-13 15:43","Spawn-Where-You-Died",11909,283
22-08-13,"22-08-13 15:43","Team-Up",6945,81
22-08-13,"22-08-13 15:43","Tunable-Home-Radio",4661,69
22-08-13,"22-08-13 15:43","Cautious-Drivers",3633,50
22-08-13,"22-08-13 15:43","Auto-Skip-Radio-Stations",1564,11
22-08-13,"22-08-13 15:44","Muted-Speech-And-Pain",7165,71
22-08-13,"22-08-13 15:44","Playercannotbedraggedout",1444,23
22-08-13,"22-08-13 16:10","Vehicle-Remote-Central-Locking",60517,278
22-08-13,"22-08-13 16:10","Family-Friendly-Free-Roaming",45828,777
22-08-13,"22-08-13 16:11","Neutralized-Adult-Textures",708,23
22-08-13,"22-08-13 16:11","Spawn-Where-You-Died",11909,283
22-08-13,"22-08-13 16:11","Team-Up",6945,81
22-08-13,"22-08-13 16:11","Tunable-Home-Radio",4661,69
22-08-13,"22-08-13 16:11","Cautious-Drivers",3633,50
22-08-13,"22-08-13 16:11","Auto-Skip-Radio-Stations",1564,11
22-08-13,"22-08-13 16:11","Muted-Speech-And-Pain",7165,71
22-08-13,"22-08-13 16:11","Playercannotbedraggedout",1444,23
22-08-13,"22-08-13 16:20","Vehicle-Remote-Central-Locking",60519,278
22-08-13,"22-08-13 16:20","Family-Friendly-Free-Roaming",45828,777
22-08-13,"22-08-13 16:20","Neutralized-Adult-Textures",708,23
22-08-13,"22-08-13 16:20","Spawn-Where-You-Died",11909,283
22-08-13,"22-08-13 16:20","Team-Up",6945,81
22-08-13,"22-08-13 16:20","Tunable-Home-Radio",4661,69
22-08-13,"22-08-13 16:20","Cautious-Drivers",3633,50
22-08-13,"22-08-13 16:20","Auto-Skip-Radio-Stations",1564,11
22-08-13,"22-08-13 16:20","Muted-Speech-And-Pain",7165,71
22-08-13,"22-08-13 16:20","Playercannotbedraggedout",1444,23
22-08-13,"22-08-13 16:21","Vehicle-Remote-Central-Locking",60519,278
22-08-13,"22-08-13 16:21","Family-Friendly-Free-Roaming",45828,777
22-08-13,"22-08-13 16:21","Neutralized-Adult-Textures",708,23
22-08-13,"22-08-13 16:21","Spawn-Where-You-Died",11909,283
22-08-13,"22-08-13 16:21","Team-Up",6945,81
22-08-13,"22-08-13 16:21","Tunable-Home-Radio",4661,69
22-08-13,"22-08-13 16:21","Cautious-Drivers",3633,50
22-08-13,"22-08-13 16:21","Auto-Skip-Radio-Stations",1564,11
22-08-13,"22-08-13 16:21","Muted-Speech-And-Pain",7165,71
22-08-13,"22-08-13 16:21","Playercannotbedraggedout",1444,23
22-08-13,"22-08-13 19:54","Vehicle-Remote-Central-Locking",60544,278
22-08-13,"22-08-13 19:54","Family-Friendly-Free-Roaming",45831,777
22-08-13,"22-08-13 19:54","Neutralized-Adult-Textures",708,23
22-08-13,"22-08-13 19:55","Spawn-Where-You-Died",11910,283
22-08-13,"22-08-13 19:55","Team-Up",6946,81
22-08-13,"22-08-13 19:55","Tunable-Home-Radio",4661,69
22-08-13,"22-08-13 19:55","Cautious-Drivers",3633,50
22-08-13,"22-08-13 19:55","Auto-Skip-Radio-Stations",1564,11
22-08-13,"22-08-13 19:55","Muted-Speech-And-Pain",7167,71
22-08-13,"22-08-13 19:55","Playercannotbedraggedout",1444,23
22-08-13,"08:49:16 em","Vehicle-Remote-Central-Locking",60550,278
22-08-13,"08:49:19 em","Family-Friendly-Free-Roaming",45832,777
22-08-13,"08:49:22 em","Neutralized-Adult-Textures",708,23
22-08-13,"08:49:24 em","Spawn-Where-You-Died",11910,283
22-08-13,"08:49:27 em","Team-Up",6946,81
22-08-13,"08:49:29 em","Tunable-Home-Radio",4661,69
22-08-13,"08:49:32 em","Cautious-Drivers",3633,50
22-08-13,"08:49:34 em","Auto-Skip-Radio-Stations",1564,11
22-08-13,"08:49:37 em","Muted-Speech-And-Pain",7167,71
22-08-13,"08:49:39 em","Playercannotbedraggedout",1444,23
22-08-13,"08:53:18 em","Vehicle-Remote-Central-Locking",60550,278
22-08-13,"08:53:21 em","Family-Friendly-Free-Roaming",45832,777
22-08-13,"08:53:23 em","Neutralized-Adult-Textures",708,23
22-08-13,"08:53:26 em","Spawn-Where-You-Died",11910,283
22-08-13,"08:53:28 em","Team-Up",6946,81
22-08-13,"08:53:31 em","Tunable-Home-Radio",4661,69
22-08-13,"08:53:33 em","Cautious-Drivers",3633,50
22-08-13,"08:53:36 em","Auto-Skip-Radio-Stations",1564,11
22-08-13,"08:53:38 em","Muted-Speech-And-Pain",7167,71
22-08-13,"08:53:41 em","Playercannotbedraggedout",1444,23
22-08-13,"08:57:54 em","Vehicle-Remote-Central-Locking",60550,278
22-08-13,"08:57:57 em","Family-Friendly-Free-Roaming",45832,777
22-08-13,"08:58:00 em","Neutralized-Adult-Textures",708,23
22-08-13,"08:58:02 em","Spawn-Where-You-Died",11910,283
22-08-13,"08:58:05 em","Team-Up",6946,81
22-08-13,"08:58:07 em","Tunable-Home-Radio",4661,69
22-08-13,"08:58:10 em","Cautious-Drivers",3633,50
22-08-13,"08:58:12 em","Auto-Skip-Radio-Stations",1564,11
22-08-13,"08:58:15 em","Muted-Speech-And-Pain",7168,71
22-08-13,"08:58:17 em","Playercannotbedraggedout",1444,23
22-08-14,"10:40:48 fm","Vehicle-Remote-Central-Locking",60609,278
22-08-14,"10:40:50 fm","Family-Friendly-Free-Roaming",45839,777
22-08-14,"10:40:53 fm","Neutralized-Adult-Textures",708,23
22-08-14,"10:40:55 fm","Spawn-Where-You-Died",11912,283
22-08-14,"10:40:58 fm","Team-Up",6947,81
22-08-14,"10:41:00 fm","Tunable-Home-Radio",4662,69
22-08-14,"10:41:03 fm","Cautious-Drivers",3633,50
22-08-14,"10:41:05 fm","Auto-Skip-Radio-Stations",1564,11
22-08-14,"10:41:08 fm","Muted-Speech-And-Pain",7169,71
22-08-14,"10:41:10 fm","Playercannotbedraggedout",1445,23
22-08-14,"10:17:04 em","Vehicle-Remote-Central-Locking",60668,278
22-08-14,"10:17:06 em","Family-Friendly-Free-Roaming",45851,777
22-08-14,"10:17:09 em","Neutralized-Adult-Textures",708,23
22-08-14,"10:17:11 em","Spawn-Where-You-Died",11912,283
22-08-14,"10:17:14 em","Team-Up",6947,81
22-08-14,"10:17:17 em","Tunable-Home-Radio",4663,69
22-08-14,"10:17:19 em","Cautious-Drivers",3634,50
22-08-14,"10:17:22 em","Auto-Skip-Radio-Stations",1565,11
22-08-14,"10:17:24 em","Muted-Speech-And-Pain",7172,71
22-08-14,"10:17:27 em","Playercannotbedraggedout",1446,23
22-08-15,"07:53:58 fm","Vehicle-Remote-Central-Locking",60695,278
22-08-15,"07:54:01 fm","Family-Friendly-Free-Roaming",45857,777
22-08-15,"07:54:03 fm","Neutralized-Adult-Textures",708,23
22-08-15,"07:54:06 fm","Spawn-Where-You-Died",11912,283
22-08-15,"07:54:08 fm","Team-Up",6947,81
22-08-15,"07:54:11 fm","Tunable-Home-Radio",4664,69
22-08-15,"07:54:13 fm","Cautious-Drivers",3634,50
22-08-15,"07:54:16 fm","Auto-Skip-Radio-Stations",1565,11
22-08-15,"07:54:18 fm","Muted-Speech-And-Pain",7172,71
22-08-15,"07:54:21 fm","Playercannotbedraggedout",1446,23
22-08-15,"01:00:49 em","Vehicle-Remote-Central-Locking",60726,278
22-08-15,"01:00:52 em","Family-Friendly-Free-Roaming",45860,777
22-08-15,"01:00:54 em","Neutralized-Adult-Textures",708,23
22-08-15,"01:00:57 em","Spawn-Where-You-Died",11913,283
22-08-15,"01:00:59 em","Team-Up",6947,81
22-08-15,"01:01:02 em","Tunable-Home-Radio",4665,69
22-08-15,"01:01:04 em","Cautious-Drivers",3635,50
22-08-15,"01:01:06 em","Auto-Skip-Radio-Stations",1565,11
22-08-15,"01:01:09 em","Muted-Speech-And-Pain",7172,71
22-08-15,"01:01:11 em","Playercannotbedraggedout",1446,23
22-08-15,"05:09:46 em","Vehicle-Remote-Central-Locking",60746,278
22-08-15,"05:09:48 em","Family-Friendly-Free-Roaming",45863,777
22-08-15,"05:09:51 em","Neutralized-Adult-Textures",708,23
22-08-15,"05:09:53 em","Spawn-Where-You-Died",11914,283
22-08-15,"05:09:56 em","Team-Up",6947,81
22-08-15,"05:09:58 em","Tunable-Home-Radio",4665,69
22-08-15,"05:10:01 em","Cautious-Drivers",3635,50
22-08-15,"05:10:03 em","Auto-Skip-Radio-Stations",1565,11
22-08-15,"05:10:06 em","Muted-Speech-And-Pain",7173,71
22-08-15,"05:10:08 em","Playercannotbedraggedout",1446,23
22-08-16,"12:37:44 em","Vehicle-Remote-Central-Locking",60803,278
22-08-16,"12:37:47 em","Family-Friendly-Free-Roaming",45870,777
22-08-16,"12:37:49 em","Neutralized-Adult-Textures",708,23
22-08-16,"12:37:52 em","Spawn-Where-You-Died",11914,283
22-08-16,"12:37:54 em","Team-Up",6948,81
22-08-16,"12:37:57 em","Tunable-Home-Radio",4665,69
22-08-16,"12:37:59 em","Cautious-Drivers",3635,50
22-08-16,"12:38:02 em","Auto-Skip-Radio-Stations",1566,11
22-08-16,"12:38:04 em","Muted-Speech-And-Pain",7179,71
22-08-16,"12:38:07 em","Playercannotbedraggedout",1446,23
22-08-17,"02:21:56 em","Vehicle-Remote-Central-Locking",60921,278
22-08-17,"02:21:59 em","Family-Friendly-Free-Roaming",45886,777
22-08-17,"02:22:01 em","Neutralized-Adult-Textures",709,23
22-08-17,"02:22:04 em","Spawn-Where-You-Died",11916,283
22-08-17,"02:22:07 em","Team-Up",6950,81
22-08-17,"02:22:09 em","Tunable-Home-Radio",4667,69
22-08-17,"02:22:12 em","Cautious-Drivers",3636,50
22-08-17,"02:22:14 em","Auto-Skip-Radio-Stations",1566,11
22-08-17,"02:22:17 em","Muted-Speech-And-Pain",7182,71
22-08-17,"02:22:19 em","Playercannotbedraggedout",1446,23
22-08-18,"05:16:02 em","Vehicle-Remote-Central-Locking",61026,278
22-08-18,"05:16:05 em","Family-Friendly-Free-Roaming",45898,777
22-08-18,"05:16:08 em","Neutralized-Adult-Textures",710,23
22-08-18,"05:16:10 em","Spawn-Where-You-Died",11919,283
22-08-18,"05:16:13 em","Team-Up",6951,81
22-08-18,"05:16:16 em","Tunable-Home-Radio",4669,69
22-08-18,"05:16:18 em","Cautious-Drivers",3638,50
22-08-18,"05:16:21 em","Auto-Skip-Radio-Stations",1567,11
22-08-18,"05:16:23 em","Muted-Speech-And-Pain",7184,71
22-08-18,"05:16:26 em","Playercannotbedraggedout",1446,23
22-08-18,"05:56:09 em","Vehicle-Remote-Central-Locking",61032,278
22-08-18,"05:56:12 em","Family-Friendly-Free-Roaming",45902,777
22-08-18,"05:56:14 em","Neutralized-Adult-Textures",710,23
22-08-18,"05:56:17 em","Spawn-Where-You-Died",11919,283
22-08-18,"05:56:20 em","Team-Up",6951,81
22-08-18,"05:56:22 em","Tunable-Home-Radio",4669,69
22-08-18,"05:56:25 em","Cautious-Drivers",3638,50
22-08-18,"05:56:27 em","Auto-Skip-Radio-Stations",1567,11
22-08-18,"05:56:30 em","Muted-Speech-And-Pain",7184,71
22-09-05,"06:22:53 em","Vehicle-Remote-Central-Locking",62287,279
22-09-05,"06:22:56 em","Family-Friendly-Free-Roaming",46227,785
22-09-05,"06:22:59 em","Neutralized-Adult-Textures",736,23
22-09-05,"06:23:01 em","Spawn-Where-You-Died",11962,283
22-09-05,"06:23:04 em","Team-Up",6962,81
22-09-05,"06:23:07 em","Tunable-Home-Radio",4688,69
22-09-05,"06:23:09 em","Cautious-Drivers",3650,50
22-09-05,"06:23:12 em","Auto-Skip-Radio-Stations",1574,11
22-09-05,"06:23:15 em","Muted-Speech-And-Pain",7264,72
22-09-05,"06:23:17 em","Playercannotbedraggedout",1452,23
22-09-08,"08:36:28 fm","Vehicle-Remote-Central-Locking",62403,279
22-09-08,"08:36:30 fm","Family-Friendly-Free-Roaming",46257,785
22-09-08,"08:36:33 fm","Neutralized-Adult-Textures",738,23
22-09-08,"08:36:35 fm","Spawn-Where-You-Died",11965,283
22-09-08,"08:36:38 fm","Team-Up",6963,81
22-09-08,"08:36:40 fm","Tunable-Home-Radio",4690,69
22-09-08,"08:36:43 fm","Cautious-Drivers",3652,50
22-09-08,"08:36:45 fm","Auto-Skip-Radio-Stations",1574,11
22-09-08,"08:36:48 fm","Muted-Speech-And-Pain",7274,73
22-09-08,"08:36:50 fm","Playercannotbedraggedout",1454,23
22-09-09,11:41:37 fm,"Vehicle-Remote-Central-Locking",62453,279
22-09-09,11:41:40 fm,"Family-Friendly-Free-Roaming",46271,785
22-09-09,11:41:43 fm,"Neutralized-Adult-Textures",738,23
22-09-09,11:41:46 fm,"Spawn-Where-You-Died",11968,283
22-09-09,11:41:49 fm,"Team-Up",6963,81
22-09-09,11:41:51 fm,"Tunable-Home-Radio",4691,69
22-09-09,11:41:54 fm,"Cautious-Drivers",3652,50
22-09-09,11:41:56 fm,"Auto-Skip-Radio-Stations",1575,11
22-09-09,11:42:02 fm,"Muted-Speech-And-Pain",7280,73
22-09-09,11:42:05 fm,"Playercannotbedraggedout",1454,23
22-09-09,22-09-09 17:26,"Vehicle-Remote-Central-Locking",62473,279
22-09-09,22-09-09 17:26,"Family-Friendly-Free-Roaming",46276,785
22-09-09,22-09-09 17:26,"Neutralized-Adult-Textures",738,23
22-09-09,22-09-09 17:26,"Spawn-Where-You-Died",11969,283
22-09-09,22-09-09 17:26,"Team-Up",6963,81
22-09-09,22-09-09 17:26,"Tunable-Home-Radio",4693,69
22-09-09,22-09-09 17:26,"Cautious-Drivers",3652,50
22-09-09,22-09-09 17:26,"Auto-Skip-Radio-Stations",1575,11
22-09-09,22-09-09 17:26,"Muted-Speech-And-Pain",7282,73
22-09-09,22-09-09 17:26,"Playercannotbedraggedout",1454,23
22-09-09,22-09-09 17:26,"Vehicle-Remote-Central-Locking",62473,279
22-09-09,22-09-09 17:26,"Family-Friendly-Free-Roaming",46276,785
2022-09-10,2022-09-10 14:50:35,Vehicle-Remote-Central-Locking,62529,279
2022-09-10,2022-09-10 14:50:37,Family-Friendly-Free-Roaming,46296,785
2022-09-10,2022-09-10 14:50:40,Neutralized-Adult-Textures,740,23
2022-09-10,2022-09-10 14:50:43,Spawn-Where-You-Died,11971,283
2022-09-10,2022-09-10 14:50:45,Team-Up,6963,81
2022-09-10,2022-09-10 14:50:48,Tunable-Home-Radio,4694,69
2022-09-10,2022-09-10 14:50:51,Cautious-Drivers,3653,50
2022-09-10,2022-09-10 14:50:53,Auto-Skip-Radio-Stations,1575,11
2022-09-10,2022-09-10 14:50:56,Muted-Speech-And-Pain,7285,73
2022-09-10,2022-09-10 14:50:59,Playercannotbedraggedout,1454,23
